Surface_inf,Surface_sup,KW,kVA,V,A calculé,A réel (calibré sur disjoncteur)
0,50,3000,3,0.22,13.63636364,15
50,80,6000,6,0.22,27.27272727,30
80,100,9000,9,0.22,40.90909091,45
100,160,12000,12,0.22,54.54545455,60
160,180,15000,15,0.22,68.18181818,70
180,200,25000,25,0.22,113.6363636,115
200,250,30000,30,0.22,136.3636364,140
250,,36000,36,0.22,163.6363636,170