Surface,KW,kVA,V,A calculé,A réel (calibré sur disjoncteur)
<50m²,3000,3,0.22,13.63636364,15
50<   <80m²,6000,6,0.22,27.27272727,30
80<   <100m²,9000,9,0.22,40.90909091,45
100<   <160m²,12000,12,0.22,54.54545455,60
160m²<    <180m²,15000,15,0.22,68.18181818,70
180m²<   <200m²,25000,25,0.22,113.6363636,115
200m²<   <250m²,30000,30,0.22,136.3636364,140
<250 m²,36000,36,0.22,163.6363636,170